s,x,y,heading,curvature,landing_zone
0.0000,-83.0000,-80.0000,-3.1416,0.0588,-1
0.9890,-83.9885,-80.0288,-3.0834,0.0588,-1
1.9780,-84.9736,-80.1149,-3.0252,0.0588,-1
2.9671,-85.9520,-80.2583,-2.9671,0.0588,-1
3.9561,-86.9205,-80.4582,-2.9089,0.0588,-1
4.9451,-87.8757,-80.7142,-2.8507,0.0588,-1
5.9341,-88.8143,-81.0252,-2.7925,0.0588,-1
6.9231,-89.7334,-81.3903,-2.7343,0.0588,-1
7.9122,-90.6296,-81.8082,-2.6762,0.0588,-1
8.9012,-91.5000,-82.2776,-2.6180,0.0588,-1
9.8902,-92.3417,-82.7967,-2.5598,0.0588,-1
10.8792,-93.1517,-83.3639,-2.5016,0.0588,-1
11.8682,-93.9274,-83.9772,-2.4435,0.0588,-1
12.8573,-94.6661,-84.6346,-2.3853,0.0588,-1
13.8463,-95.3654,-85.3339,-2.3271,0.0588,-1
14.8353,-96.0228,-86.0726,-2.2689,0.0588,-1
15.8243,-96.6361,-86.8483,-2.2108,0.0588,-1
16.8133,-97.2033,-87.6583,-2.1526,0.0588,-1
17.8024,-97.7224,-88.5000,-2.0944,0.0588,-1
18.7914,-98.1918,-89.3704,-2.0362,0.0588,-1
19.7804,-98.6097,-90.2666,-1.9780,0.0588,-1
20.7694,-98.9748,-91.1857,-1.9199,0.0588,-1
21.7584,-99.2858,-92.1243,-1.8617,0.0588,-1
22.7475,-99.5418,-93.0795,-1.8035,0.0588,-1
23.7365,-99.7417,-94.0480,-1.7453,0.0588,-1
24.7255,-99.8851,-95.0264,-1.6872,0.0588,-1
25.7145,-99.9712,-96.0115,-1.6290,0.0588,-1
26.7035,-100.0000,-97.0000,-1.5708,0.0000,-1
27.7035,-100.0000,-98.0000,-1.5708,0.0588,-1
28.6926,-99.9712,-98.9885,-1.5126,0.0588,-1
29.6816,-99.8851,-99.9736,-1.4544,0.0588,-1
30.6706,-99.7417,-100.9520,-1.3963,0.0588,-1
31.6596,-99.5418,-101.9205,-1.3381,0.0588,-1
32.6486,-99.2858,-102.8757,-1.2799,0.0588,-1
33.6377,-98.9748,-103.8143,-1.2217,0.0588,-1
34.6267,-98.6097,-104.7334,-1.1636,0.0588,-1
35.6157,-98.1918,-105.6296,-1.1054,0.0588,-1
36.6047,-97.7224,-106.5000,-1.0472,0.0588,-1
37.5937,-97.2033,-107.3417,-0.9890,0.0588,-1
38.5828,-96.6361,-108.1517,-0.9308,0.0588,-1
39.5718,-96.0228,-108.9274,-0.8727,0.0588,-1
40.5608,-95.3654,-109.6661,-0.8145,0.0588,-1
41.5498,-94.6661,-110.3654,-0.7563,0.0588,-1
42.5388,-93.9274,-111.0228,-0.6981,0.0588,-1
43.5279,-93.1517,-111.6361,-0.6400,0.0588,-1
44.5169,-92.3417,-112.2033,-0.5818,0.0588,-1
45.5059,-91.5000,-112.7224,-0.5236,0.0588,-1
46.4949,-90.6296,-113.1918,-0.4654,0.0588,-1
47.4839,-89.7334,-113.6097,-0.4072,0.0588,-1
48.4730,-88.8143,-113.9748,-0.3491,0.0588,-1
49.4620,-87.8757,-114.2858,-0.2909,0.0588,-1
50.4510,-86.9205,-114.5418,-0.2327,0.0588,-1
51.4400,-85.9520,-114.7417,-0.1745,0.0588,-1
52.4290,-84.9736,-114.8851,-0.1164,0.0588,-1
53.4181,-83.9885,-114.9712,-0.0582,0.0588,-1
54.4071,-83.0000,-115.0000,0.0000,0.0000,0
55.4043,-82.0028,-115.0000,0.0000,0.0000,0
56.4015,-81.0056,-115.0000,0.0000,0.0000,0
57.3986,-80.0084,-115.0000,0.0000,0.0000,0
58.3958,-79.0112,-115.0000,0.0000,0.0000,0
59.3930,-78.0141,-115.0000,0.0000,0.0000,0
60.3902,-77.0169,-115.0000,0.0000,0.0000,0
61.3874,-76.0197,-115.0000,0.0000,0.0000,0
62.3846,-75.0225,-115.0000,0.0000,0.0000,0
63.3818,-74.0253,-115.0000,0.0000,0.0000,0
64.3790,-73.0281,-115.0000,0.0000,0.0000,0
65.3761,-72.0309,-115.0000,0.0000,0.0000,0
66.3733,-71.0337,-115.0000,0.0000,0.0000,0
67.3705,-70.0366,-115.0000,0.0000,0.0000,0
68.3677,-69.0394,-115.0000,0.0000,0.0000,0
69.3649,-68.0422,-115.0000,0.0000,0.0000,0
70.3621,-67.0450,-115.0000,0.0000,0.0000,0
71.3593,-66.0478,-115.0000,0.0000,0.0000,0
72.3565,-65.0506,-115.0000,0.0000,0.0000,0
73.3537,-64.0534,-115.0000,0.0000,0.0000,0
74.3508,-63.0562,-115.0000,0.0000,0.0000,0
75.3480,-62.0590,-115.0000,0.0000,0.0000,0
76.3452,-61.0619,-115.0000,0.0000,0.0000,0
77.3424,-60.0647,-115.0000,0.0000,0.0000,0
78.3396,-59.0675,-115.0000,0.0000,0.0000,0
79.3368,-58.0703,-115.0000,0.0000,0.0000,0
80.3340,-57.0731,-115.0000,0.0000,0.0000,0
81.3312,-56.0759,-115.0000,0.0000,0.0000,0
82.3283,-55.0787,-115.0000,0.0000,0.0000,0
83.3255,-54.0815,-115.0000,0.0000,0.0000,0
84.3227,-53.0844,-115.0000,0.0000,0.0000,0
85.3199,-52.0872,-115.0000,0.0000,0.0000,0
86.3171,-51.0900,-115.0000,0.0000,0.0000,0
87.3143,-50.0928,-115.0000,0.0000,0.0000,0
88.3115,-49.0956,-115.0000,0.0000,0.0000,0
89.3087,-48.0984,-115.0000,0.0000,0.0000,0
90.3058,-47.1012,-115.0000,0.0000,0.0000,0
91.3030,-46.1040,-115.0000,0.0000,0.0000,0
92.3002,-45.1069,-115.0000,0.0000,0.0000,0
93.2974,-44.1097,-115.0000,0.0000,0.0000,0
94.2946,-43.1125,-115.0000,0.0000,0.0000,0
95.2918,-42.1153,-115.0000,0.0000,0.0000,0
96.2890,-41.1181,-115.0000,0.0000,0.0000,0
97.2862,-40.1209,-115.0000,0.0000,0.0000,0
98.2834,-39.1237,-115.0000,0.0000,0.0000,0
99.2805,-38.1265,-115.0000,0.0000,0.0000,0
100.2777,-37.1293,-115.0000,0.0000,0.0000,0
101.2749,-36.1322,-115.0000,0.0000,0.0000,0
102.2721,-35.1350,-115.0000,0.0000,0.0000,0
103.2693,-34.1378,-115.0000,0.0000,0.0000,0
104.2665,-33.1406,-115.0000,0.0000,0.0000,0
105.2637,-32.1434,-115.0000,0.0000,0.0000,0
106.2609,-31.1462,-115.0000,0.0000,0.0000,0
107.2580,-30.1490,-115.0000,0.0000,0.0000,0
108.2552,-29.1518,-115.0000,0.0000,0.0000,0
109.2524,-28.1547,-115.0000,0.0000,0.0000,0
110.2496,-27.1575,-115.0000,0.0000,0.0000,0
111.2468,-26.1603,-115.0000,0.0000,0.0000,0
112.2440,-25.1631,-115.0000,0.0000,0.0000,0
113.2412,-24.1659,-115.0000,0.0000,0.0000,0
114.2384,-23.1687,-115.0000,0.0000,0.0000,0
115.2356,-22.1715,-115.0000,0.0000,0.0000,0
116.2327,-21.1743,-115.0000,0.0000,0.0000,0
117.2299,-20.1771,-115.0000,0.0000,0.0000,0
118.2271,-19.1800,-115.0000,0.0000,0.0000,0
119.2243,-18.1828,-115.0000,0.0000,0.0000,0
120.2215,-17.1856,-115.0000,0.0000,0.0000,0
121.2187,-16.1884,-115.0000,0.0000,0.0000,0
122.2159,-15.1912,-115.0000,0.0000,0.0000,0
123.2131,-14.1940,-115.0000,0.0000,0.0000,0
124.2102,-13.1968,-115.0000,0.0000,0.0000,0
125.2074,-12.1996,-115.0000,0.0000,0.0000,0
126.2046,-11.2025,-115.0000,0.0000,0.0000,0
127.2018,-10.2053,-115.0000,0.0000,0.0000,0
128.1990,-9.2081,-115.0000,0.0000,0.0000,0
129.1962,-8.2109,-115.0000,0.0000,0.0000,0
130.1934,-7.2137,-115.0000,0.0000,0.0000,0
131.1906,-6.2165,-115.0000,0.0000,0.0000,0
132.1878,-5.2193,-115.0000,0.0000,0.0000,0
133.1849,-4.2221,-115.0000,0.0000,0.0000,0
134.1821,-3.2249,-115.0000,0.0000,0.0000,0
135.1793,-2.2278,-115.0000,0.0000,0.0000,0
136.1765,-1.2306,-115.0000,0.0000,0.0000,0
137.1737,-0.2334,-115.0000,0.0000,0.0000,0
138.1709,0.7638,-115.0000,0.0000,0.0000,0
139.1681,1.7610,-115.0000,0.0000,0.0000,0
140.1653,2.7582,-115.0000,0.0000,0.0000,0
141.1624,3.7554,-115.0000,0.0000,0.0000,0
142.1596,4.7526,-115.0000,0.0000,0.0000,0
143.1568,5.7497,-115.0000,0.0000,0.0000,0
144.1540,6.7469,-115.0000,0.0000,0.0000,0
145.1512,7.7441,-115.0000,0.0000,0.0000,0
146.1484,8.7413,-115.0000,0.0000,0.0000,0
147.1456,9.7385,-115.0000,0.0000,0.0000,0
148.1428,10.7357,-115.0000,0.0000,0.0000,0
149.1399,11.7329,-115.0000,0.0000,0.0000,0
150.1371,12.7301,-115.0000,0.0000,0.0000,0
151.1343,13.7273,-115.0000,0.0000,0.0000,0
152.1315,14.7244,-115.0000,0.0000,0.0000,0
153.1287,15.7216,-115.0000,0.0000,0.0000,0
154.1259,16.7188,-115.0000,0.0000,0.0000,0
155.1231,17.7160,-115.0000,0.0000,0.0000,0
156.1203,18.7132,-115.0000,0.0000,0.0000,0
157.1175,19.7104,-115.0000,0.0000,0.0000,0
158.1146,20.7076,-115.0000,0.0000,0.0000,0
159.1118,21.7048,-115.0000,0.0000,0.0000,0
160.1090,22.7019,-115.0000,0.0000,0.0000,0
161.1062,23.6991,-115.0000,0.0000,0.0000,0
162.1034,24.6963,-115.0000,0.0000,0.0000,0
163.1006,25.6935,-115.0000,0.0000,0.0000,0
164.0978,26.6907,-115.0000,0.0000,0.0000,0
165.0950,27.6879,-115.0000,0.0000,0.0000,0
166.0921,28.6851,-115.0000,0.0000,0.0000,0
167.0893,29.6823,-115.0000,0.0000,0.0000,0
168.0865,30.6794,-115.0000,0.0000,0.0000,0
169.0837,31.6766,-115.0000,0.0000,0.0000,0
170.0809,32.6738,-115.0000,0.0000,0.0000,0
171.0781,33.6710,-115.0000,0.0000,0.0000,0
172.0753,34.6682,-115.0000,0.0000,0.0000,0
173.0725,35.6654,-115.0000,0.0000,0.0000,0
174.0697,36.6626,-115.0000,0.0000,0.0000,0
175.0668,37.6598,-115.0000,0.0000,0.0000,0
176.0640,38.6570,-115.0000,0.0000,0.0000,0
177.0612,39.6541,-115.0000,0.0000,0.0000,0
178.0584,40.6513,-115.0000,0.0000,0.0000,0
179.0556,41.6485,-115.0000,0.0000,0.0000,0
180.0528,42.6457,-115.0000,0.0000,0.0000,0
181.0500,43.6429,-115.0000,0.0000,0.0000,0
182.0472,44.6401,-115.0000,0.0000,0.0000,0
183.0443,45.6373,-115.0000,0.0000,0.0000,0
184.0415,46.6345,-115.0000,0.0000,0.0000,0
185.0387,47.6316,-115.0000,0.0000,0.0000,0
186.0359,48.6288,-115.0000,0.0000,0.0000,0
187.0331,49.6260,-115.0000,0.0000,0.0000,0
188.0303,50.6232,-115.0000,0.0000,0.0000,0
189.0275,51.6204,-115.0000,0.0000,0.0000,0
190.0247,52.6176,-115.0000,0.0000,0.0000,0
191.0219,53.6148,-115.0000,0.0000,0.0000,0
192.0190,54.6120,-115.0000,0.0000,0.0000,0
193.0162,55.6092,-115.0000,0.0000,0.0000,0
194.0134,56.6063,-115.0000,0.0000,0.0000,0
195.0106,57.6035,-115.0000,0.0000,0.0000,0
196.0078,58.6007,-115.0000,0.0000,0.0000,0
197.0050,59.5979,-115.0000,0.0000,0.0000,0
198.0022,60.5951,-115.0000,0.0000,0.0000,0
198.9994,61.5923,-115.0000,0.0000,0.0000,0
199.9965,62.5895,-115.0000,0.0000,0.0000,0
200.9937,63.5867,-115.0000,0.0000,0.0000,0
201.9909,64.5838,-115.0000,0.0000,0.0000,0
202.9881,65.5810,-115.0000,0.0000,0.0000,0
203.9853,66.5782,-115.0000,0.0000,0.0000,0
204.9825,67.5754,-115.0000,0.0000,0.0000,0
205.9797,68.5726,-115.0000,0.0000,0.0000,0
206.9769,69.5698,-115.0000,0.0000,0.0000,0
207.9741,70.5670,-115.0000,0.0000,0.0000,0
208.9712,71.5642,-115.0000,0.0000,0.0000,0
209.9684,72.5614,-115.0000,0.0000,0.0000,0
210.9656,73.5585,-115.0000,0.0000,0.0000,0
211.9628,74.5557,-115.0000,0.0000,0.0000,0
212.9600,75.5529,-115.0000,0.0000,0.0000,0
213.9572,76.5501,-115.0000,0.0000,0.0400,-1
214.9443,77.5370,-114.9805,0.0395,0.0400,-1
215.9315,78.5224,-114.9221,0.0790,0.0400,-1
216.9187,79.5047,-114.8248,0.1185,0.0400,-1
217.9058,80.4823,-114.6888,0.1579,0.0400,-1
218.8930,81.4539,-114.5143,0.1974,0.0400,-1
219.8801,82.4178,-114.3016,0.2369,0.0400,-1
220.8673,83.3726,-114.0511,0.2764,0.0400,-1
221.8545,84.3167,-113.7630,0.3159,0.0400,-1
222.8416,85.2487,-113.4379,0.3554,0.0400,-1
223.8288,86.1672,-113.0762,0.3949,0.0400,-1
224.8159,87.0706,-112.6786,0.4344,0.0400,-1
225.8031,87.9577,-112.2456,0.4738,0.0400,-1
226.7903,88.8270,-111.7779,0.5133,0.0400,-1
227.7774,89.6771,-111.2763,0.5528,0.0400,-1
228.7646,90.5068,-110.7415,0.5923,0.0400,-1
229.7517,91.3147,-110.1744,0.6318,0.0400,-1
230.7389,92.0996,-109.5758,0.6713,0.0400,-1
231.7261,92.8603,-108.9467,0.7108,0.0400,-1
232.7132,93.5955,-108.2881,0.7502,0.0400,-1
233.7004,94.3042,-107.6010,0.7897,0.0400,-1
234.6876,94.9851,-106.8864,0.8292,0.0400,-1
235.6747,95.6374,-106.1455,0.8687,0.0400,-1
236.6619,96.2599,-105.3794,0.9082,0.0400,-1
237.6490,96.8516,-104.5893,0.9477,0.0400,-1
238.6362,97.4117,-103.7765,0.9872,0.0000,-1
239.6358,97.9626,-102.9424,0.9872,0.0000,-1
240.6354,98.5134,-102.1083,0.9872,0.0000,-1
241.6350,99.0642,-101.2741,0.9872,0.0000,-1
242.6346,99.6151,-100.4400,0.9872,0.0000,-1
243.6342,100.1659,-99.6059,0.9872,0.0000,-1
244.6338,100.7168,-98.7717,0.9872,0.0000,-1
245.6334,101.2676,-97.9376,0.9872,0.0000,-1
246.6330,101.8185,-97.1035,0.9872,0.0000,-1
247.6326,102.3693,-96.2693,0.9872,0.0000,-1
248.6322,102.9201,-95.4352,0.9872,0.0000,-1
249.6318,103.4710,-94.6011,0.9872,0.0000,-1
250.6314,104.0218,-93.7669,0.9872,0.0000,-1
251.6310,104.5727,-92.9328,0.9872,0.0000,-1
252.6306,105.1235,-92.0987,0.9872,0.0000,-1
253.6302,105.6744,-91.2645,0.9872,0.0000,-1
254.6298,106.2252,-90.4304,0.9872,0.0000,-1
255.6294,106.7760,-89.5963,0.9872,0.0000,-1
256.6290,107.3269,-88.7621,0.9872,0.0000,-1
257.6286,107.8777,-87.9280,0.9872,0.0000,-1
258.6282,108.4286,-87.0939,0.9872,0.0000,-1
259.6278,108.9794,-86.2597,0.9872,0.0000,-1
260.6275,109.5303,-85.4256,0.9872,0.0000,-1
261.6271,110.0811,-84.5915,0.9872,0.0000,-1
262.6267,110.6319,-83.7573,0.9872,0.0000,-1
263.6263,111.1828,-82.9232,0.9872,0.0000,-1
264.6259,111.7336,-82.0891,0.9872,0.0000,-1
265.6255,112.2845,-81.2549,0.9872,0.0000,-1
266.6251,112.8353,-80.4208,0.9872,0.0000,-1
267.6247,113.3862,-79.5867,0.9872,0.0000,-1
268.6243,113.9370,-78.7525,0.9872,0.0000,-1
269.6239,114.4878,-77.9184,0.9872,0.0000,-1
270.6235,115.0387,-77.0843,0.9872,0.0000,-1
271.6231,115.5895,-76.2501,0.9872,0.0000,-1
272.6227,116.1404,-75.4160,0.9872,0.0000,-1
273.6223,116.6912,-74.5819,0.9872,0.0000,-1
274.6219,117.2421,-73.7477,0.9872,0.0000,-1
275.6215,117.7929,-72.9136,0.9872,0.0000,-1
276.6211,118.3437,-72.0795,0.9872,0.0000,-1
277.6207,118.8946,-71.2453,0.9872,0.0000,-1
278.6203,119.4454,-70.4112,0.9872,0.0000,-1
279.6199,119.9963,-69.5771,0.9872,0.0000,-1
280.6195,120.5471,-68.7429,0.9872,0.0000,-1
281.6191,121.0980,-67.9088,0.9872,0.0500,-1
282.5913,121.6138,-67.0848,1.0358,0.0500,-1
283.5635,122.0890,-66.2368,1.0844,0.0500,-1
284.5358,122.5224,-65.3666,1.1330,0.0500,-1
285.5080,122.9130,-64.4764,1.1816,0.0500,-1
286.4802,123.2599,-63.5683,1.2302,0.0500,-1
287.4524,123.5622,-62.6444,1.2788,0.0500,-1
288.4246,123.8193,-61.7069,1.3274,0.0500,-1
289.3969,124.0306,-60.7580,1.3760,0.0500,-1
290.3691,124.1955,-59.7999,1.4247,0.0500,-1
291.3413,124.3136,-58.8350,1.4733,0.0500,-1
292.3135,124.3847,-57.8655,1.5219,0.0500,-1
293.2857,124.4087,-56.8937,1.5705,0.0500,-1
294.2580,124.3853,-55.9218,1.6191,0.0500,-1
295.2302,124.3148,-54.9523,1.6677,0.0000,-1
296.2248,124.2186,-53.9624,1.6677,0.0000,-1
297.2193,124.1223,-52.9724,1.6677,0.0000,-1
298.2139,124.0261,-51.9825,1.6677,0.0000,-1
299.2085,123.9298,-50.9926,1.6677,0.0000,-1
300.2031,123.8336,-50.0027,1.6677,0.0000,-1
301.1976,123.7374,-49.0128,1.6677,0.0000,-1
302.1922,123.6411,-48.0229,1.6677,0.0000,-1
303.1868,123.5449,-47.0330,1.6677,0.0000,-1
304.1814,123.4486,-46.0431,1.6677,0.0000,-1
305.1759,123.3524,-45.0532,1.6677,0.0000,-1
306.1705,123.2562,-44.0633,1.6677,0.0000,-1
307.1651,123.1599,-43.0734,1.6677,0.0000,-1
308.1597,123.0637,-42.0835,1.6677,0.0000,-1
309.1542,122.9674,-41.0936,1.6677,0.0000,-1
310.1488,122.8712,-40.1036,1.6677,0.0000,-1
311.1434,122.7749,-39.1137,1.6677,0.0000,-1
312.1380,122.6787,-38.1238,1.6677,0.0000,-1
313.1325,122.5825,-37.1339,1.6677,0.0000,-1
314.1271,122.4862,-36.1440,1.6677,0.0000,-1
315.1217,122.3900,-35.1541,1.6677,0.0000,-1
316.1163,122.2937,-34.1642,1.6677,0.0000,-1
317.1108,122.1975,-33.1743,1.6677,0.0000,-1
318.1054,122.1013,-32.1844,1.6677,0.0000,-1
319.1000,122.0050,-31.1945,1.6677,0.0000,-1
320.0946,121.9088,-30.2046,1.6677,0.0000,-1
321.0891,121.8125,-29.2147,1.6677,0.0000,-1
322.0837,121.7163,-28.2248,1.6677,0.0000,-1
323.0783,121.6201,-27.2348,1.6677,0.0000,-1
324.0729,121.5238,-26.2449,1.6677,0.0000,-1
325.0674,121.4276,-25.2550,1.6677,0.0000,-1
326.0620,121.3313,-24.2651,1.6677,0.0000,-1
327.0566,121.2351,-23.2752,1.6677,0.0000,-1
328.0512,121.1388,-22.2853,1.6677,0.0000,-1
329.0457,121.0426,-21.2954,1.6677,0.0000,-1
330.0403,120.9464,-20.3055,1.6677,0.0000,-1
331.0349,120.8501,-19.3156,1.6677,0.0000,-1
332.0295,120.7539,-18.3257,1.6677,0.0000,-1
333.0240,120.6576,-17.3358,1.6677,0.0000,-1
334.0186,120.5614,-16.3459,1.6677,0.0000,-1
335.0132,120.4652,-15.3560,1.6677,0.0000,-1
336.0078,120.3689,-14.3660,1.6677,0.0000,-1
337.0023,120.2727,-13.3761,1.6677,0.0000,-1
337.9969,120.1764,-12.3862,1.6677,0.0000,-1
338.9915,120.0802,-11.3963,1.6677,0.0000,-1
339.9861,119.9840,-10.4064,1.6677,0.0000,-1
340.9806,119.8877,-9.4165,1.6677,0.0000,-1
341.9752,119.7915,-8.4266,1.6677,0.0000,-1
342.9698,119.6952,-7.4367,1.6677,0.0000,-1
343.9644,119.5990,-6.4468,1.6677,0.0000,-1
344.9589,119.5028,-5.4569,1.6677,0.0000,-1
345.9535,119.4065,-4.4670,1.6677,0.0000,-1
346.9481,119.3103,-3.4771,1.6677,0.0000,-1
347.9427,119.2140,-2.4871,1.6677,0.0000,-1
348.9372,119.1178,-1.4972,1.6677,0.0000,-1
349.9318,119.0215,-0.5073,1.6677,0.0000,-1
350.9264,118.9253,0.4826,1.6677,0.0500,-1
351.9175,118.8050,1.4662,1.7173,0.0500,-1
352.9086,118.6361,2.4427,1.7668,0.0500,-1
353.8996,118.4191,3.4096,1.8164,0.0500,-1
354.8907,118.1544,4.3646,1.8659,0.0500,-1
355.8818,117.8428,5.3053,1.9155,0.0500,-1
356.8729,117.4849,6.2294,1.9650,0.0500,-1
357.8640,117.0817,7.1347,2.0146,0.0500,-1
358.8550,116.6342,8.0188,2.0641,0.0500,-1
359.8461,116.1434,8.8798,2.1137,0.0500,-1
360.8372,115.6106,9.7153,2.1633,0.0500,-1
361.8283,115.0370,10.5234,2.2128,0.0500,-1
362.8194,114.4241,11.3021,2.2624,0.0500,-1
363.8105,113.7734,12.0496,2.3119,0.0500,-1
364.8015,113.0865,12.7638,2.3615,0.0500,-1
365.7926,112.3650,13.4432,2.4110,0.0500,-1
366.7837,111.6108,14.0860,2.4606,0.0500,-1
367.7748,110.8256,14.6906,2.5101,0.0500,-1
368.7659,110.0115,15.2556,2.5597,0.0000,-1
369.7561,109.1842,15.7999,2.5597,0.0000,-1
370.7464,108.3569,16.3441,2.5597,0.0000,-1
371.7367,107.5296,16.8884,2.5597,0.0000,-1
372.7270,106.7023,17.4327,2.5597,0.0000,-1
373.7173,105.8750,17.9770,2.5597,0.0000,-1
374.7075,105.0477,18.5212,2.5597,0.0000,-1
375.6978,104.2204,19.0655,2.5597,0.0000,-1
376.6881,103.3931,19.6098,2.5597,0.0000,-1
377.6784,102.5658,20.1541,2.5597,0.0000,-1
378.6687,101.7385,20.6983,2.5597,0.0000,-1
379.6589,100.9112,21.2426,2.5597,0.0000,-1
380.6492,100.0839,21.7869,2.5597,0.0000,-1
381.6395,99.2566,22.3312,2.5597,0.0000,-1
382.6298,98.4293,22.8754,2.5597,0.0000,-1
383.6201,97.6020,23.4197,2.5597,0.0000,-1
384.6103,96.7747,23.9640,2.5597,0.0000,-1
385.6006,95.9474,24.5083,2.5597,0.0000,-1
386.5909,95.1201,25.0525,2.5597,0.0000,-1
387.5812,94.2928,25.5968,2.5597,-0.0667,-1
388.5631,93.4908,26.1629,2.4942,-0.0667,-1
389.5450,92.7275,26.7803,2.4288,-0.0667,-1
390.5269,92.0062,27.4463,2.3633,-0.0667,-1
391.5088,91.3300,28.1580,2.2978,-0.0667,-1
392.4907,90.7019,28.9125,2.2324,-0.0667,-1
393.4726,90.1244,29.7064,2.1669,-0.0667,-1
394.4545,89.6001,30.5364,2.1015,-0.0667,-1
395.4364,89.1312,31.3989,2.0360,-0.0667,-1
396.4182,88.7197,32.2902,1.9706,-0.0667,-1
397.4001,88.3675,33.2065,1.9051,-0.0667,-1
398.3820,88.0759,34.1439,1.8396,-0.0667,-1
399.3639,87.8462,35.0984,1.7742,-0.0667,-1
400.3458,87.6795,36.0659,1.7087,-0.0667,-1
401.3277,87.5765,37.0422,1.6433,-0.0667,-1
402.3096,87.5375,38.0231,1.5778,-0.0667,-1
403.2915,87.5627,39.0045,1.5123,-0.0667,-1
404.2734,87.6521,39.9822,1.4469,-0.0667,-1
405.2553,87.8053,40.9519,1.3814,-0.0667,-1
406.2372,88.0216,41.9095,1.3160,-0.0667,-1
407.2191,88.3000,42.8509,1.2505,-0.0667,-1
408.2010,88.6394,43.7720,1.1850,-0.0667,-1
409.1829,89.0384,44.6690,1.1196,-0.0667,-1
410.1648,89.4951,45.5380,1.0541,-0.0667,-1
411.1467,90.0078,46.3753,0.9887,-0.0667,-1
412.1286,90.5741,47.1772,0.9232,-0.0667,-1
413.1105,91.1916,47.9403,0.8577,0.0000,-1
414.0708,91.8198,48.6667,0.8577,0.0000,-1
415.0311,92.4480,49.3930,0.8577,0.0000,-1
415.9914,93.0762,50.1194,0.8577,0.0000,-1
416.9517,93.7044,50.8457,0.8577,0.0000,-1
417.9120,94.3326,51.5720,0.8577,0.0000,-1
418.8723,94.9608,52.2984,0.8577,0.0000,-1
419.8326,95.5889,53.0247,0.8577,0.0000,-1
420.7929,96.2171,53.7510,0.8577,0.0556,-1
421.8073,96.8587,54.5366,0.9141,0.0556,-1
422.8216,97.4550,55.3570,0.9704,0.0556,-1
423.8360,98.0042,56.2096,1.0268,0.0556,-1
424.8503,98.5045,57.0919,1.0831,0.0556,-1
425.8647,98.9542,58.0009,1.1395,0.0556,-1
426.8791,99.3521,58.9339,1.1959,0.0556,-1
427.8934,99.6968,59.8877,1.2522,0.0556,-1
428.9078,99.9872,60.8595,1.3086,0.0556,-1
429.9221,100.2224,61.8461,1.3649,0.0556,-1
430.9365,100.4017,62.8443,1.4213,0.0556,-1
431.9509,100.5245,63.8511,1.4776,0.0556,-1
432.9652,100.5904,64.8632,1.5340,0.0556,-1
433.9796,100.5991,65.8774,1.5903,0.0556,-1
434.9940,100.5508,66.8904,1.6467,0.0556,-1
436.0083,100.4454,67.8992,1.7030,0.0556,-1
437.0227,100.2834,68.9004,1.7594,0.0556,-1
438.0370,100.0653,69.8909,1.8157,0.0556,-1
439.0514,99.7917,70.8675,1.8721,0.0556,-1
440.0658,99.4636,71.8272,1.9285,0.0556,-1
441.0801,99.0819,72.7668,1.9848,0.0556,-1
442.0945,98.6479,73.6835,2.0412,0.0556,-1
443.1088,98.1629,74.5743,2.0975,0.0556,-1
444.1232,97.6286,75.4364,2.1539,0.0556,-1
445.1376,97.0465,76.2669,2.2102,0.0556,-1
446.1519,96.4186,77.0634,2.2666,0.0556,-1
447.1663,95.7468,77.8233,2.3229,0.0556,-1
448.1806,95.0333,78.5441,2.3793,0.0556,-1
449.1950,94.2804,79.2236,2.4356,0.0556,-1
450.2094,93.4903,79.8596,2.4920,0.0556,-1
451.2237,92.6657,80.4500,2.5483,0.0556,-1
452.2381,91.8091,80.9931,2.6047,0.0556,-1
453.2525,90.9234,81.4871,2.6610,0.0556,-1
454.2668,90.0111,81.9305,2.7174,0.0000,-1
455.2613,89.1048,82.3398,2.7174,0.0000,-1
456.2558,88.1985,82.7491,2.7174,0.0000,-1
457.2502,87.2921,83.1584,2.7174,0.0000,-1
458.2447,86.3858,83.5677,2.7174,0.0000,-1
459.2392,85.4795,83.9770,2.7174,0.0000,-1
460.2337,84.5731,84.3863,2.7174,0.0000,-1
461.2281,83.6668,84.7956,2.7174,0.0000,-1
462.2226,82.7605,85.2049,2.7174,0.0000,-1
463.2171,81.8541,85.6143,2.7174,0.0000,-1
464.2115,80.9478,86.0236,2.7174,0.0000,-1
465.2060,80.0415,86.4329,2.7174,0.0000,-1
466.2005,79.1351,86.8422,2.7174,0.0000,-1
467.1950,78.2288,87.2515,2.7174,0.0000,-1
468.1894,77.3225,87.6608,2.7174,0.0000,-1
469.1839,76.4161,88.0701,2.7174,0.0000,-1
470.1784,75.5098,88.4794,2.7174,0.0000,-1
471.1729,74.6035,88.8888,2.7174,0.0000,-1
472.1673,73.6971,89.2981,2.7174,0.0000,-1
473.1618,72.7908,89.7074,2.7174,0.0000,-1
474.1563,71.8845,90.1167,2.7174,0.0000,-1
475.1507,70.9781,90.5260,2.7174,0.0000,-1
476.1452,70.0718,90.9353,2.7174,0.0000,-1
477.1397,69.1655,91.3446,2.7174,0.0000,-1
478.1342,68.2591,91.7539,2.7174,0.0000,-1
479.1286,67.3528,92.1632,2.7174,0.0000,-1
480.1231,66.4465,92.5726,2.7174,0.0000,-1
481.1176,65.5401,92.9819,2.7174,0.0000,-1
482.1121,64.6338,93.3912,2.7174,0.0000,-1
483.1065,63.7275,93.8005,2.7174,0.0000,-1
484.1010,62.8211,94.2098,2.7174,0.0000,-1
485.0955,61.9148,94.6191,2.7174,0.0000,-1
486.0899,61.0085,95.0284,2.7174,0.0000,-1
487.0844,60.1021,95.4377,2.7174,0.0000,-1
488.0789,59.1958,95.8471,2.7174,0.0400,-1
489.0884,58.2676,96.2439,2.7578,0.0400,-1
490.0979,57.3242,96.6029,2.7982,0.0400,-1
491.1074,56.3671,96.9235,2.8385,0.0400,-1
492.1169,55.3978,97.2053,2.8789,0.0400,-1
493.1264,54.4179,97.4476,2.9193,0.0400,-1
494.1359,53.4290,97.6503,2.9597,0.0400,-1
495.1454,52.4327,97.8128,3.0001,0.0400,-1
496.1549,51.4307,97.9350,3.0404,0.0400,-1
497.1644,50.4246,98.0166,3.0808,0.0400,-1
498.1739,49.4160,98.0576,3.1212,0.0400,-1
499.1834,48.4066,98.0578,-3.1216,0.0400,-1
500.1929,47.3979,98.0173,-3.0812,0.0400,-1
501.2024,46.3918,97.9360,-3.0408,0.0400,-1
502.2119,45.3897,97.8142,-3.0005,0.0400,-1
503.2214,44.3934,97.6521,-2.9601,0.0400,-1
504.2309,43.4044,97.4499,-2.9197,0.0400,-1
505.2404,42.4244,97.2079,-2.8793,0.0400,-1
506.2499,41.4550,96.9266,-2.8389,0.0400,-1
507.2594,40.4977,96.6063,-2.7986,0.0000,-1
508.2686,39.5473,96.2669,-2.7986,0.0000,-1
509.2778,38.5969,95.9275,-2.7986,0.0000,-1
510.2870,37.6465,95.5880,-2.7986,0.0000,-1
511.2962,36.6960,95.2486,-2.7986,0.0000,-1
512.3054,35.7456,94.9092,-2.7986,0.0000,-1
513.3147,34.7952,94.5697,-2.7986,0.0000,-1
514.3239,33.8448,94.2303,-2.7986,0.0000,-1
515.3331,32.8944,93.8908,-2.7986,0.0000,-1
516.3423,31.9439,93.5514,-2.7986,0.0000,-1
517.3515,30.9935,93.2120,-2.7986,0.0000,-1
518.3607,30.0431,92.8725,-2.7986,0.0000,-1
519.3700,29.0927,92.5331,-2.7986,0.0000,-1
520.3792,28.1422,92.1937,-2.7986,0.0000,-1
521.3884,27.1918,91.8542,-2.7986,0.0000,-1
522.3976,26.2414,91.5148,-2.7986,0.0000,-1
523.4068,25.2910,91.1753,-2.7986,0.0000,-1
524.4160,24.3406,90.8359,-2.7986,0.0000,-1
525.4253,23.3901,90.4965,-2.7986,0.0000,-1
526.4345,22.4397,90.1570,-2.7986,0.0000,-1
527.4437,21.4893,89.8176,-2.7986,0.0000,-1
528.4529,20.5389,89.4782,-2.7986,0.0000,-1
529.4621,19.5884,89.1387,-2.7986,0.0000,-1
530.4714,18.6380,88.7993,-2.7986,0.0000,-1
531.4806,17.6876,88.4599,-2.7986,0.0000,-1
532.4898,16.7372,88.1204,-2.7986,0.0000,-1
533.4990,15.7868,87.7810,-2.7986,0.0000,-1
534.5082,14.8363,87.4415,-2.7986,0.0000,-1
535.5174,13.8859,87.1021,-2.7986,0.0000,-1
536.5267,12.9355,86.7627,-2.7986,0.0000,-1
537.5359,11.9851,86.4232,-2.7986,0.0000,-1
538.5451,11.0346,86.0838,-2.7986,0.0000,-1
539.5543,10.0842,85.7444,-2.7986,0.0000,-1
540.5635,9.1338,85.4049,-2.7986,0.0000,-1
541.5727,8.1834,85.0655,-2.7986,0.0000,-1
542.5820,7.2330,84.7261,-2.7986,0.0000,-1
543.5912,6.2825,84.3866,-2.7986,0.0000,-1
544.6004,5.3321,84.0472,-2.7986,0.0000,-1
545.6096,4.3817,83.7077,-2.7986,0.0000,-1
546.6188,3.4313,83.3683,-2.7986,0.0000,-1
547.6281,2.4808,83.0289,-2.7986,0.0000,-1
548.6373,1.5304,82.6894,-2.7986,0.0000,-1
549.6465,0.5800,82.3500,-2.7986,0.0000,-1
550.6557,-0.3704,82.0106,-2.7986,0.0000,-1
551.6649,-1.3208,81.6711,-2.7986,0.0000,-1
552.6741,-2.2713,81.3317,-2.7986,0.0000,-1
553.6834,-3.2217,80.9923,-2.7986,0.0000,-1
554.6926,-4.1721,80.6528,-2.7986,0.0000,-1
555.7018,-5.1225,80.3134,-2.7986,0.0000,-1
556.7110,-6.0730,79.9739,-2.7986,0.0000,-1
557.7202,-7.0234,79.6345,-2.7986,0.0000,-1
558.7294,-7.9738,79.2951,-2.7986,0.0000,-1
559.7387,-8.9242,78.9556,-2.7986,0.0000,-1
560.7479,-9.8747,78.6162,-2.7986,-0.0500,-1
561.7344,-10.8115,78.3074,-2.8479,-0.0500,-1
562.7209,-11.7624,78.0452,-2.8972,-0.0500,-1
563.7075,-12.7252,77.8303,-2.9465,-0.0500,-1
564.6940,-13.6973,77.6630,-2.9959,-0.0500,-1
565.6805,-14.6765,77.5439,-3.0452,-0.0500,-1
566.6670,-15.6604,77.4732,-3.0945,-0.0500,-1
567.6536,-16.6466,77.4511,3.1393,-0.0500,-1
568.6401,-17.6326,77.4776,3.0900,-0.0500,-1
569.6266,-18.6162,77.5528,3.0407,-0.0500,-1
570.6131,-19.5949,77.6763,2.9914,-0.0500,-1
571.5997,-20.5662,77.8480,2.9420,-0.0500,-1
572.5862,-21.5280,78.0673,2.8927,-0.0500,-1
573.5727,-22.4777,78.3338,2.8434,-0.0500,-1
574.5592,-23.4132,78.6468,2.7940,-0.0500,-1
575.5458,-24.3320,79.0055,2.7447,-0.0500,-1
576.5323,-25.2321,79.4091,2.6954,-0.0500,-1
577.5188,-26.1112,79.8566,2.6461,-0.0500,-1
578.5053,-26.9672,80.3469,2.5967,-0.0500,-1
579.4919,-27.7979,80.8788,2.5474,-0.0500,-1
580.4784,-28.6014,81.4510,2.4981,0.0000,-1
581.4683,-29.3933,82.0450,2.4981,0.0000,-1
582.4581,-30.1852,82.6389,2.4981,0.0000,-1
583.4480,-30.9771,83.2328,2.4981,0.0000,-1
584.4379,-31.7690,83.8268,2.4981,0.0000,-1
585.4278,-32.5609,84.4207,2.4981,0.0000,-1
586.4177,-33.3528,85.0146,2.4981,0.0000,-1
587.4076,-34.1447,85.6085,2.4981,0.0000,-1
588.3975,-34.9366,86.2025,2.4981,0.0000,-1
589.3873,-35.7285,86.7964,2.4981,0.0000,-1
590.3772,-36.5205,87.3903,2.4981,0.0000,-1
591.3671,-37.3124,87.9843,2.4981,0.0000,-1
592.3570,-38.1043,88.5782,2.4981,0.0000,-1
593.3469,-38.8962,89.1721,2.4981,0.0000,-1
594.3368,-39.6881,89.7661,2.4981,0.0000,-1
595.3266,-40.4800,90.3600,2.4981,0.0000,-1
596.3165,-41.2719,90.9539,2.4981,0.0000,-1
597.3064,-42.0638,91.5479,2.4981,0.0000,-1
598.2963,-42.8557,92.1418,2.4981,0.0000,-1
599.2862,-43.6476,92.7357,2.4981,0.0000,-1
600.2761,-44.4395,93.3296,2.4981,0.0000,-1
601.2660,-45.2314,93.9236,2.4981,0.0000,-1
602.2558,-46.0233,94.5175,2.4981,0.0000,-1
603.2457,-46.8153,95.1114,2.4981,0.0000,-1
604.2356,-47.6072,95.7054,2.4981,0.0000,-1
605.2255,-48.3991,96.2993,2.4981,0.0000,-1
606.2154,-49.1910,96.8932,2.4981,0.0000,-1
607.2053,-49.9829,97.4872,2.4981,0.0000,-1
608.1951,-50.7748,98.0811,2.4981,0.0000,-1
609.1850,-51.5667,98.6750,2.4981,0.0000,-1
610.1749,-52.3586,99.2690,2.4981,0.0000,-1
611.1648,-53.1505,99.8629,2.4981,0.0000,-1
612.1547,-53.9424,100.4568,2.4981,0.0667,-1
613.1564,-54.7633,101.0307,2.5649,0.0667,-1
614.1582,-55.6206,101.5485,2.6317,0.0667,-1
615.1599,-56.5106,102.0079,2.6984,0.0667,-1
616.1616,-57.4292,102.4069,2.7652,0.0667,-1
617.1634,-58.3724,102.7437,2.8320,0.0667,-1
618.1651,-59.3360,103.0168,2.8988,0.0667,-1
619.1669,-60.3157,103.2250,2.9656,0.0667,-1
620.1686,-61.3071,103.3674,3.0324,0.0667,-1
621.1703,-62.3058,103.4433,3.0991,0.0667,-1
622.1721,-63.3073,103.4524,-3.1173,0.0667,-1
623.1738,-64.3072,103.3946,-3.0505,0.0667,-1
624.1756,-65.3010,103.2702,-2.9837,0.0667,-1
625.1773,-66.2842,103.0798,-2.9169,0.0667,-1
626.1790,-67.2526,102.8242,-2.8501,0.0000,-1
627.1758,-68.2073,102.5378,-2.8501,0.0000,-1
628.1725,-69.1620,102.2514,-2.8501,0.0000,-1
629.1692,-70.1167,101.9650,-2.8501,0.0000,-1
630.1659,-71.0714,101.6786,-2.8501,0.0000,-1
631.1627,-72.0261,101.3922,-2.8501,0.0000,-1
632.1594,-72.9808,101.1058,-2.8501,0.0000,-1
633.1561,-73.9354,100.8194,-2.8501,0.0000,-1
634.1528,-74.8901,100.5330,-2.8501,0.0000,-1
635.1495,-75.8448,100.2466,-2.8501,0.0000,-1
636.1463,-76.7995,99.9601,-2.8501,0.0000,-1
637.1430,-77.7542,99.6737,-2.8501,0.0000,-1
638.1397,-78.7089,99.3873,-2.8501,0.0000,-1
639.1364,-79.6636,99.1009,-2.8501,0.0000,-1
640.1332,-80.6182,98.8145,-2.8501,0.0000,-1
641.1299,-81.5729,98.5281,-2.8501,0.0000,-1
642.1266,-82.5276,98.2417,-2.8501,0.0000,-1
643.1233,-83.4823,97.9553,-2.8501,0.0000,-1
644.1200,-84.4370,97.6689,-2.8501,0.0000,-1
645.1168,-85.3917,97.3825,-2.8501,0.0000,-1
646.1135,-86.3464,97.0961,-2.8501,0.0000,-1
647.1102,-87.3011,96.8097,-2.8501,0.0000,-1
648.1069,-88.2557,96.5233,-2.8501,0.0000,-1
649.1037,-89.2104,96.2369,-2.8501,0.0000,-1
650.1004,-90.1651,95.9505,-2.8501,0.0000,-1
651.0971,-91.1198,95.6641,-2.8501,0.0000,-1
652.0938,-92.0745,95.3777,-2.8501,0.0000,-1
653.0905,-93.0292,95.0912,-2.8501,0.0000,-1
654.0873,-93.9839,94.8048,-2.8501,0.0000,-1
655.0840,-94.9385,94.5184,-2.8501,0.0000,-1
656.0807,-95.8932,94.2320,-2.8501,0.0000,-1
657.0774,-96.8479,93.9456,-2.8501,0.0500,-1
658.0802,-97.8008,93.6335,-2.8000,0.0500,-1
659.0829,-98.7367,93.2741,-2.7499,0.0500,-1
660.0857,-99.6536,92.8682,-2.6997,0.0500,-1
661.0884,-100.5489,92.4168,-2.6496,0.0500,-1
662.0912,-101.4204,91.9212,-2.5994,0.0500,-1
663.0939,-102.2661,91.3825,-2.5493,0.0500,-1
664.0967,-103.0836,90.8021,-2.4992,0.0500,-1
665.0994,-103.8711,90.1814,-2.4490,0.0500,-1
666.1021,-104.6264,89.5221,-2.3989,0.0500,-1
667.1049,-105.3478,88.8257,-2.3488,0.0500,-1
668.1076,-106.0334,88.0941,-2.2986,0.0500,-1
669.1104,-106.6814,87.3290,-2.2485,0.0500,-1
670.1131,-107.2903,86.5324,-2.1984,0.0500,-1
671.1159,-107.8585,85.7063,-2.1482,0.0500,-1
672.1186,-108.3845,84.8528,-2.0981,0.0500,-1
673.1214,-108.8672,83.9739,-2.0479,0.0500,-1
674.1241,-109.3052,83.0720,-1.9978,0.0500,-1
675.1269,-109.6974,82.1493,-1.9477,0.0500,-1
676.1296,-110.0429,81.2081,-1.8975,0.0500,-1
677.1324,-110.3408,80.2507,-1.8474,0.0500,-1
678.1351,-110.5903,79.2796,-1.7973,0.0500,-1
679.1379,-110.7909,78.2972,-1.7471,0.0500,-1
680.1406,-110.9420,77.3060,-1.6970,0.0500,-1
681.1433,-111.0432,76.3085,-1.6468,0.0000,-1
682.1417,-111.1190,75.3130,-1.6468,0.0000,-1
683.1400,-111.1949,74.3176,-1.6468,0.0000,-1
684.1384,-111.2707,73.3221,-1.6468,0.0000,-1
685.1367,-111.3465,72.3266,-1.6468,0.0000,-1
686.1351,-111.4224,71.3312,-1.6468,0.0000,-1
687.1334,-111.4982,70.3357,-1.6468,0.0000,-1
688.1318,-111.5741,69.3403,-1.6468,0.0000,-1
689.1301,-111.6499,68.3448,-1.6468,0.0000,-1
690.1285,-111.7258,67.3493,-1.6468,0.0000,-1
691.1268,-111.8016,66.3539,-1.6468,0.0000,-1
692.1252,-111.8775,65.3584,-1.6468,0.0000,-1
693.1235,-111.9533,64.3629,-1.6468,0.0000,-1
694.1219,-112.0291,63.3675,-1.6468,0.0000,-1
695.1202,-112.1050,62.3720,-1.6468,0.0000,-1
696.1186,-112.1808,61.3765,-1.6468,0.0000,-1
697.1169,-112.2567,60.3811,-1.6468,0.0000,-1
698.1153,-112.3325,59.3856,-1.6468,0.0000,-1
699.1136,-112.4084,58.3901,-1.6468,0.0000,-1
700.1120,-112.4842,57.3947,-1.6468,0.0000,-1
701.1103,-112.5601,56.3992,-1.6468,0.0000,-1
702.1087,-112.6359,55.4038,-1.6468,0.0000,-1
703.1070,-112.7117,54.4083,-1.6468,0.0000,-1
704.1054,-112.7876,53.4128,-1.6468,0.0000,-1
705.1037,-112.8634,52.4174,-1.6468,0.0000,-1
706.1021,-112.9393,51.4219,-1.6468,0.0000,-1
707.1004,-113.0151,50.4264,-1.6468,0.0000,-1
708.0988,-113.0910,49.4310,-1.6468,0.0000,-1
709.0971,-113.1668,48.4355,-1.6468,0.0000,-1
710.0955,-113.2427,47.4400,-1.6468,0.0000,-1
711.0938,-113.3185,46.4446,-1.6468,0.0000,-1
712.0922,-113.3944,45.4491,-1.6468,0.0000,-1
713.0905,-113.4702,44.4536,-1.6468,0.0000,-1
714.0889,-113.5460,43.4582,-1.6468,0.0000,-1
715.0872,-113.6219,42.4627,-1.6468,0.0000,-1
716.0856,-113.6977,41.4672,-1.6468,0.0000,-1
717.0839,-113.7736,40.4718,-1.6468,0.0000,-1
718.0823,-113.8494,39.4763,-1.6468,0.0000,-1
719.0806,-113.9253,38.4809,-1.6468,0.0000,-1
720.0790,-114.0011,37.4854,-1.6468,0.0000,-1
721.0773,-114.0770,36.4899,-1.6468,0.0000,-1
722.0757,-114.1528,35.4945,-1.6468,0.0000,-1
723.0740,-114.2286,34.4990,-1.6468,0.0000,-1
724.0724,-114.3045,33.5035,-1.6468,0.0000,-1
725.0707,-114.3803,32.5081,-1.6468,0.0000,-1
726.0691,-114.4562,31.5126,-1.6468,0.0000,-1
727.0674,-114.5320,30.5171,-1.6468,0.0000,-1
728.0658,-114.6079,29.5217,-1.6468,0.0000,-1
729.0641,-114.6837,28.5262,-1.6468,0.0000,-1
730.0625,-114.7596,27.5307,-1.6468,0.0000,-1
731.0608,-114.8354,26.5353,-1.6468,0.0000,-1
732.0592,-114.9113,25.5398,-1.6468,0.0000,-1
733.0575,-114.9871,24.5444,-1.6468,0.0000,-1
734.0559,-115.0629,23.5489,-1.6468,0.0000,-1
735.0542,-115.1388,22.5534,-1.6468,0.0000,-1
736.0526,-115.2146,21.5580,-1.6468,0.0000,-1
737.0509,-115.2905,20.5625,-1.6468,0.0000,-1
738.0493,-115.3663,19.5670,-1.6468,0.0000,-1
739.0476,-115.4422,18.5716,-1.6468,0.0000,-1
740.0460,-115.5180,17.5761,-1.6468,0.0000,-1
741.0443,-115.5939,16.5806,-1.6468,0.0000,-1
742.0427,-115.6697,15.5852,-1.6468,0.0000,-1
743.0410,-115.7455,14.5897,-1.6468,0.0000,-1
744.0394,-115.8214,13.5942,-1.6468,0.0000,-1
745.0377,-115.8972,12.5988,-1.6468,0.0000,-1
746.0361,-115.9731,11.6033,-1.6468,0.0000,-1
747.0344,-116.0489,10.6078,-1.6468,0.0000,-1
748.0328,-116.1248,9.6124,-1.6468,0.0000,-1
749.0311,-116.2006,8.6169,-1.6468,0.0000,-1
750.0295,-116.2765,7.6215,-1.6468,0.0000,-1
751.0278,-116.3523,6.6260,-1.6468,0.0000,-1
752.0262,-116.4282,5.6305,-1.6468,0.0000,-1
753.0245,-116.5040,4.6351,-1.6468,0.0000,-1
754.0229,-116.5798,3.6396,-1.6468,0.0000,-1
755.0212,-116.6557,2.6441,-1.6468,0.0000,-1
756.0196,-116.7315,1.6487,-1.6468,0.0000,-1
757.0179,-116.8074,0.6532,-1.6468,0.0000,-1
758.0163,-116.8832,-0.3423,-1.6468,0.0000,-1
759.0146,-116.9591,-1.3377,-1.6468,0.0000,-1
760.0130,-117.0349,-2.3332,-1.6468,0.0500,-1
760.9971,-117.0855,-3.3159,-1.5976,0.0500,-1
761.9813,-117.0877,-4.3000,-1.5484,0.0500,-1
762.9654,-117.0415,-5.2829,-1.4992,0.0500,-1
763.9495,-116.9470,-6.2624,-1.4500,0.0500,-1
764.9337,-116.8044,-7.2361,-1.4008,0.0500,-1
765.9178,-116.6141,-8.2016,-1.3516,0.0500,-1
766.9020,-116.3766,-9.1565,-1.3024,0.0500,-1
767.8861,-116.0924,-10.0986,-1.2532,0.0500,-1
768.8703,-115.7621,-11.0256,-1.2040,0.0500,-1
769.8544,-115.3867,-11.9352,-1.1548,0.0500,-1
770.8386,-114.9670,-12.8253,-1.1056,0.0500,-1
771.8227,-114.5040,-13.6936,-1.0564,0.0500,-1
772.8069,-113.9989,-14.5381,-1.0071,0.0500,-1
773.7910,-113.4529,-15.3568,-0.9579,0.0500,-1
774.7751,-112.8672,-16.1475,-0.9087,0.0500,-1
775.7593,-112.2433,-16.9086,-0.8595,0.0500,-1
776.7434,-111.5828,-17.6380,-0.8103,0.0500,-1
777.7276,-110.8872,-18.3340,-0.7611,0.0500,-1
778.7117,-110.1582,-18.9950,-0.7119,0.0500,-1
779.6959,-109.3976,-19.6193,-0.6627,0.0500,-1
780.6800,-108.6072,-20.2055,-0.6135,0.0500,-1
781.6642,-107.7889,-20.7521,-0.5643,0.0500,-1
782.6483,-106.9447,-21.2577,-0.5151,0.0000,-1
783.6539,-106.0695,-21.7531,-0.5151,0.0000,-1
784.6595,-105.1944,-22.2485,-0.5151,0.0000,-1
785.6652,-104.3192,-22.7438,-0.5151,0.0000,-1
786.6708,-103.4441,-23.2392,-0.5151,0.0000,-1
787.6764,-102.5689,-23.7346,-0.5151,0.0000,-1
788.6820,-101.6938,-24.2299,-0.5151,0.0000,-1
789.6876,-100.8186,-24.7253,-0.5151,0.0000,-1
790.6933,-99.9435,-25.2207,-0.5151,0.0000,-1
791.6989,-99.0683,-25.7160,-0.5151,0.0000,-1
792.7045,-98.1932,-26.2114,-0.5151,0.0000,-1
793.7101,-97.3181,-26.7068,-0.5151,0.0000,-1
794.7157,-96.4429,-27.2021,-0.5151,0.0000,-1
795.7214,-95.5678,-27.6975,-0.5151,0.0000,-1
796.7270,-94.6926,-28.1929,-0.5151,0.0000,-1
797.7326,-93.8175,-28.6882,-0.5151,0.0000,-1
798.7382,-92.9423,-29.1836,-0.5151,0.0000,-1
799.7438,-92.0672,-29.6790,-0.5151,0.0000,-1
800.7495,-91.1920,-30.1743,-0.5151,0.0000,-1
801.7551,-90.3169,-30.6697,-0.5151,0.0000,-1
802.7607,-89.4417,-31.1651,-0.5151,0.0000,-1
803.7663,-88.5666,-31.6604,-0.5151,0.0000,-1
804.7719,-87.6914,-32.1558,-0.5151,0.0000,-1
805.7776,-86.8163,-32.6512,-0.5151,0.0000,-1
806.7832,-85.9411,-33.1465,-0.5151,0.0000,-1
807.7888,-85.0660,-33.6419,-0.5151,0.0000,-1
808.7944,-84.1908,-34.1373,-0.5151,0.0000,-1
809.8000,-83.3157,-34.6326,-0.5151,0.0000,-1
810.8057,-82.4405,-35.1280,-0.5151,0.0000,-1
811.8113,-81.5654,-35.6234,-0.5151,0.0000,-1
812.8169,-80.6903,-36.1187,-0.5151,0.0000,-1
813.8225,-79.8151,-36.6141,-0.5151,0.0000,-1
814.8281,-78.9400,-37.1095,-0.5151,0.0000,-1
815.8338,-78.0648,-37.6048,-0.5151,0.0000,-1
816.8394,-77.1897,-38.1002,-0.5151,0.0000,-1
817.8450,-76.3145,-38.5956,-0.5151,0.0000,-1
818.8506,-75.4394,-39.0909,-0.5151,0.0000,-1
819.8562,-74.5642,-39.5863,-0.5151,0.0000,-1
820.8618,-73.6891,-40.0817,-0.5151,0.0000,-1
821.8675,-72.8139,-40.5770,-0.5151,0.0000,-1
822.8731,-71.9388,-41.0724,-0.5151,0.0000,-1
823.8787,-71.0636,-41.5678,-0.5151,0.0000,-1
824.8843,-70.1885,-42.0631,-0.5151,0.0000,-1
825.8899,-69.3133,-42.5585,-0.5151,0.0000,-1
826.8956,-68.4382,-43.0539,-0.5151,0.0667,-1
827.8613,-67.5830,-43.5022,-0.4507,0.0667,-1
828.8271,-66.7007,-43.8946,-0.3863,0.0667,-1
829.7929,-65.7951,-44.2294,-0.3219,0.0667,-1
830.7586,-64.8697,-44.5053,-0.2575,0.0667,-1
831.7244,-63.9285,-44.7211,-0.1932,0.0667,-1
832.6901,-62.9754,-44.8758,-0.1288,0.0667,-1
833.6559,-62.0143,-44.9689,-0.0644,0.0667,-1
834.6217,-61.0492,-45.0000,0.0000,0.0000,1
835.6221,-60.0488,-45.0000,0.0000,0.0000,1
836.6226,-59.0483,-45.0000,0.0000,0.0000,1
837.6230,-58.0479,-45.0000,0.0000,0.0000,1
838.6235,-57.0474,-45.0000,0.0000,0.0000,1
839.6239,-56.0470,-45.0000,0.0000,0.0000,1
840.6244,-55.0465,-45.0000,0.0000,0.0000,1
841.6248,-54.0461,-45.0000,0.0000,0.0000,1
842.6253,-53.0456,-45.0000,0.0000,0.0000,1
843.6257,-52.0452,-45.0000,0.0000,0.0000,1
844.6262,-51.0447,-45.0000,0.0000,0.0000,1
845.6266,-50.0443,-45.0000,0.0000,0.0000,1
846.6271,-49.0438,-45.0000,0.0000,0.0000,1
847.6275,-48.0433,-45.0000,0.0000,0.0000,1
848.6280,-47.0429,-45.0000,0.0000,0.0000,1
849.6284,-46.0424,-45.0000,0.0000,0.0000,1
850.6289,-45.0420,-45.0000,0.0000,0.0000,1
851.6293,-44.0415,-45.0000,0.0000,0.0000,1
852.6298,-43.0411,-45.0000,0.0000,0.0000,1
853.6302,-42.0406,-45.0000,0.0000,0.0000,1
854.6307,-41.0402,-45.0000,0.0000,0.0000,1
855.6311,-40.0397,-45.0000,0.0000,0.0000,1
856.6316,-39.0393,-45.0000,0.0000,0.0000,1
857.6320,-38.0388,-45.0000,0.0000,0.0000,1
858.6325,-37.0384,-45.0000,0.0000,0.0000,1
859.6329,-36.0379,-45.0000,0.0000,0.0000,1
860.6334,-35.0375,-45.0000,0.0000,0.0000,1
861.6339,-34.0370,-45.0000,0.0000,0.0000,1
862.6343,-33.0366,-45.0000,0.0000,0.0000,1
863.6348,-32.0361,-45.0000,0.0000,0.0000,1
864.6352,-31.0357,-45.0000,0.0000,0.0000,1
865.6357,-30.0352,-45.0000,0.0000,0.0000,1
866.6361,-29.0348,-45.0000,0.0000,0.0000,1
867.6366,-28.0343,-45.0000,0.0000,0.0000,1
868.6370,-27.0339,-45.0000,0.0000,0.0000,1
869.6375,-26.0334,-45.0000,0.0000,0.0000,1
870.6379,-25.0330,-45.0000,0.0000,0.0000,1
871.6384,-24.0325,-45.0000,0.0000,0.0000,1
872.6388,-23.0321,-45.0000,0.0000,0.0000,1
873.6393,-22.0316,-45.0000,0.0000,0.0000,1
874.6397,-21.0312,-45.0000,0.0000,0.0000,1
875.6402,-20.0307,-45.0000,0.0000,0.0000,1
876.6406,-19.0303,-45.0000,0.0000,0.0000,1
877.6411,-18.0298,-45.0000,0.0000,0.0000,1
878.6415,-17.0294,-45.0000,0.0000,0.0000,1
879.6420,-16.0289,-45.0000,0.0000,0.0000,1
880.6424,-15.0284,-45.0000,0.0000,0.0000,1
881.6429,-14.0280,-45.0000,0.0000,0.0000,1
882.6433,-13.0275,-45.0000,0.0000,0.0000,1
883.6438,-12.0271,-45.0000,0.0000,0.0000,1
884.6442,-11.0266,-45.0000,0.0000,0.0000,1
885.6447,-10.0262,-45.0000,0.0000,0.0000,1
886.6451,-9.0257,-45.0000,0.0000,0.0000,1
887.6456,-8.0253,-45.0000,0.0000,0.0000,1
888.6460,-7.0248,-45.0000,0.0000,0.0000,1
889.6465,-6.0244,-45.0000,0.0000,0.0000,1
890.6469,-5.0239,-45.0000,0.0000,0.0000,1
891.6474,-4.0235,-45.0000,0.0000,0.0000,1
892.6478,-3.0230,-45.0000,0.0000,0.0000,1
893.6483,-2.0226,-45.0000,0.0000,0.0000,1
894.6488,-1.0221,-45.0000,0.0000,0.0000,1
895.6492,-0.0217,-45.0000,0.0000,0.0000,1
896.6497,0.9788,-45.0000,0.0000,0.0000,1
897.6501,1.9792,-45.0000,0.0000,0.0000,1
898.6506,2.9797,-45.0000,0.0000,0.0000,1
899.6510,3.9801,-45.0000,0.0000,0.0000,1
900.6515,4.9806,-45.0000,0.0000,0.0000,1
901.6519,5.9810,-45.0000,0.0000,0.0000,1
902.6524,6.9815,-45.0000,0.0000,0.0000,1
903.6528,7.9819,-45.0000,0.0000,0.0000,1
904.6533,8.9824,-45.0000,0.0000,0.0000,1
905.6537,9.9828,-45.0000,0.0000,0.0000,1
906.6542,10.9833,-45.0000,0.0000,0.0000,1
907.6546,11.9837,-45.0000,0.0000,0.0000,1
908.6551,12.9842,-45.0000,0.0000,0.0000,1
909.6555,13.9846,-45.0000,0.0000,0.0000,1
910.6560,14.9851,-45.0000,0.0000,0.0000,1
911.6564,15.9856,-45.0000,0.0000,0.0000,1
912.6569,16.9860,-45.0000,0.0000,0.0000,1
913.6573,17.9865,-45.0000,0.0000,0.0000,1
914.6578,18.9869,-45.0000,0.0000,0.0000,1
915.6582,19.9874,-45.0000,0.0000,0.0000,1
916.6587,20.9878,-45.0000,0.0000,0.0000,1
917.6591,21.9883,-45.0000,0.0000,0.0000,1
918.6596,22.9887,-45.0000,0.0000,0.0000,1
919.6600,23.9892,-45.0000,0.0000,0.0000,1
920.6605,24.9896,-45.0000,0.0000,0.0000,1
921.6609,25.9901,-45.0000,0.0000,0.0000,1
922.6614,26.9905,-45.0000,0.0000,0.0000,1
923.6618,27.9910,-45.0000,0.0000,0.0000,1
924.6623,28.9914,-45.0000,0.0000,0.0000,1
925.6628,29.9919,-45.0000,0.0000,0.0000,1
926.6632,30.9923,-45.0000,0.0000,0.0000,1
927.6637,31.9928,-45.0000,0.0000,0.0000,1
928.6641,32.9932,-45.0000,0.0000,0.0000,1
929.6646,33.9937,-45.0000,0.0000,0.0000,1
930.6650,34.9941,-45.0000,0.0000,0.0000,1
931.6655,35.9946,-45.0000,0.0000,0.0000,1
932.6659,36.9950,-45.0000,0.0000,0.0000,1
933.6664,37.9955,-45.0000,0.0000,0.0000,1
934.6668,38.9959,-45.0000,0.0000,0.0000,1
935.6673,39.9964,-45.0000,0.0000,0.0000,1
936.6677,40.9968,-45.0000,0.0000,0.0000,1
937.6682,41.9973,-45.0000,0.0000,0.0000,1
938.6686,42.9977,-45.0000,0.0000,0.0000,1
939.6691,43.9982,-45.0000,0.0000,0.0000,1
940.6695,44.9986,-45.0000,0.0000,0.0000,1
941.6700,45.9991,-45.0000,0.0000,0.0000,1
942.6704,46.9995,-45.0000,0.0000,0.0000,1
943.6709,48.0000,-45.0000,0.0000,-0.0588,-1
944.6599,48.9885,-45.0288,-0.0582,-0.0588,-1
945.6489,49.9736,-45.1149,-0.1164,-0.0588,-1
946.6379,50.9520,-45.2583,-0.1745,-0.0588,-1
947.6270,51.9205,-45.4582,-0.2327,-0.0588,-1
948.6160,52.8757,-45.7142,-0.2909,-0.0588,-1
949.6050,53.8143,-46.0252,-0.3491,-0.0588,-1
950.5940,54.7334,-46.3903,-0.4072,-0.0588,-1
951.5830,55.6296,-46.8082,-0.4654,-0.0588,-1
952.5721,56.5000,-47.2776,-0.5236,-0.0588,-1
953.5611,57.3417,-47.7967,-0.5818,-0.0588,-1
954.5501,58.1517,-48.3639,-0.6400,-0.0588,-1
955.5391,58.9274,-48.9772,-0.6981,-0.0588,-1
956.5281,59.6661,-49.6346,-0.7563,-0.0588,-1
957.5172,60.3654,-50.3339,-0.8145,-0.0588,-1
958.5062,61.0228,-51.0726,-0.8727,-0.0588,-1
959.4952,61.6361,-51.8483,-0.9308,-0.0588,-1
960.4842,62.2033,-52.6583,-0.9890,-0.0588,-1
961.4732,62.7224,-53.5000,-1.0472,-0.0588,-1
962.4623,63.1918,-54.3704,-1.1054,-0.0588,-1
963.4513,63.6097,-55.2666,-1.1636,-0.0588,-1
964.4403,63.9748,-56.1857,-1.2217,-0.0588,-1
965.4293,64.2858,-57.1243,-1.2799,-0.0588,-1
966.4183,64.5418,-58.0795,-1.3381,-0.0588,-1
967.4074,64.7417,-59.0480,-1.3963,-0.0588,-1
968.3964,64.8851,-60.0264,-1.4544,-0.0588,-1
969.3854,64.9712,-61.0115,-1.5126,-0.0588,-1
970.3744,65.0000,-62.0000,-1.5708,0.0000,-1
971.3744,65.0000,-63.0000,-1.5708,-0.0588,-1
972.3634,64.9712,-63.9885,-1.6290,-0.0588,-1
973.3525,64.8851,-64.9736,-1.6872,-0.0588,-1
974.3415,64.7417,-65.9520,-1.7453,-0.0588,-1
975.3305,64.5418,-66.9205,-1.8035,-0.0588,-1
976.3195,64.2858,-67.8757,-1.8617,-0.0588,-1
977.3085,63.9748,-68.8143,-1.9199,-0.0588,-1
978.2976,63.6097,-69.7334,-1.9780,-0.0588,-1
979.2866,63.1918,-70.6296,-2.0362,-0.0588,-1
980.2756,62.7224,-71.5000,-2.0944,-0.0588,-1
981.2646,62.2033,-72.3417,-2.1526,-0.0588,-1
982.2536,61.6361,-73.1517,-2.2108,-0.0588,-1
983.2427,61.0228,-73.9274,-2.2689,-0.0588,-1
984.2317,60.3654,-74.6661,-2.3271,-0.0588,-1
985.2207,59.6661,-75.3654,-2.3853,-0.0588,-1
986.2097,58.9274,-76.0228,-2.4435,-0.0588,-1
987.1987,58.1517,-76.6361,-2.5016,-0.0588,-1
988.1878,57.3417,-77.2033,-2.5598,-0.0588,-1
989.1768,56.5000,-77.7224,-2.6180,-0.0588,-1
990.1658,55.6296,-78.1918,-2.6762,-0.0588,-1
991.1548,54.7334,-78.6097,-2.7343,-0.0588,-1
992.1438,53.8143,-78.9748,-2.7925,-0.0588,-1
993.1329,52.8757,-79.2858,-2.8507,-0.0588,-1
994.1219,51.9205,-79.5418,-2.9089,-0.0588,-1
995.1109,50.9520,-79.7417,-2.9671,-0.0588,-1
996.0999,49.9736,-79.8851,-3.0252,-0.0588,-1
997.0889,48.9885,-79.9712,-3.0834,-0.0588,-1
998.0780,48.0000,-80.0000,3.1416,0.0000,2
999.0780,47.0000,-80.0000,3.1416,0.0000,2
1000.0780,46.0000,-80.0000,3.1416,0.0000,2
1001.0780,45.0000,-80.0000,3.1416,0.0000,2
1002.0780,44.0000,-80.0000,3.1416,0.0000,2
1003.0780,43.0000,-80.0000,3.1416,0.0000,2
1004.0780,42.0000,-80.0000,3.1416,0.0000,2
1005.0780,41.0000,-80.0000,3.1416,0.0000,2
1006.0780,40.0000,-80.0000,3.1416,0.0000,2
1007.0780,39.0000,-80.0000,3.1416,0.0000,2
1008.0780,38.0000,-80.0000,3.1416,0.0000,2
1009.0780,37.0000,-80.0000,3.1416,0.0000,2
1010.0780,36.0000,-80.0000,3.1416,0.0000,2
1011.0780,35.0000,-80.0000,3.1416,0.0000,2
1012.0780,34.0000,-80.0000,3.1416,0.0000,2
1013.0780,33.0000,-80.0000,3.1416,0.0000,2
1014.0780,32.0000,-80.0000,3.1416,0.0000,2
1015.0780,31.0000,-80.0000,3.1416,0.0000,2
1016.0780,30.0000,-80.0000,3.1416,0.0000,2
1017.0780,29.0000,-80.0000,3.1416,0.0000,2
1018.0780,28.0000,-80.0000,3.1416,0.0000,2
1019.0780,27.0000,-80.0000,3.1416,0.0000,2
1020.0780,26.0000,-80.0000,3.1416,0.0000,2
1021.0780,25.0000,-80.0000,3.1416,0.0000,2
1022.0780,24.0000,-80.0000,3.1416,0.0000,2
1023.0780,23.0000,-80.0000,3.1416,0.0000,2
1024.0780,22.0000,-80.0000,3.1416,0.0000,2
1025.0780,21.0000,-80.0000,3.1416,0.0000,2
1026.0780,20.0000,-80.0000,3.1416,0.0000,2
1027.0780,19.0000,-80.0000,3.1416,0.0000,2
1028.0780,18.0000,-80.0000,3.1416,0.0000,2
1029.0780,17.0000,-80.0000,3.1416,0.0000,2
1030.0780,16.0000,-80.0000,3.1416,0.0000,2
1031.0780,15.0000,-80.0000,3.1416,0.0000,2
1032.0780,14.0000,-80.0000,3.1416,0.0000,2
1033.0780,13.0000,-80.0000,3.1416,0.0000,2
1034.0780,12.0000,-80.0000,3.1416,0.0000,2
1035.0780,11.0000,-80.0000,3.1416,0.0000,2
1036.0780,10.0000,-80.0000,3.1416,0.0000,2
1037.0780,9.0000,-80.0000,3.1416,0.0000,2
1038.0780,8.0000,-80.0000,3.1416,0.0000,2
1039.0780,7.0000,-80.0000,3.1416,0.0000,2
1040.0780,6.0000,-80.0000,3.1416,0.0000,2
1041.0780,5.0000,-80.0000,3.1416,0.0000,2
1042.0780,4.0000,-80.0000,3.1416,0.0000,2
1043.0780,3.0000,-80.0000,3.1416,0.0000,2
1044.0780,2.0000,-80.0000,3.1416,0.0000,2
1045.0780,1.0000,-80.0000,3.1416,0.0000,2
1046.0780,0.0000,-80.0000,3.1416,0.0000,2
1047.0780,-1.0000,-80.0000,3.1416,0.0000,2
1048.0780,-2.0000,-80.0000,3.1416,0.0000,2
1049.0780,-3.0000,-80.0000,3.1416,0.0000,2
1050.0780,-4.0000,-80.0000,3.1416,0.0000,2
1051.0780,-5.0000,-80.0000,3.1416,0.0000,2
1052.0780,-6.0000,-80.0000,3.1416,0.0000,2
1053.0780,-7.0000,-80.0000,3.1416,0.0000,2
1054.0780,-8.0000,-80.0000,3.1416,0.0000,2
1055.0780,-9.0000,-80.0000,3.1416,0.0000,2
1056.0780,-10.0000,-80.0000,3.1416,0.0000,2
1057.0780,-11.0000,-80.0000,3.1416,0.0000,2
1058.0780,-12.0000,-80.0000,3.1416,0.0000,2
1059.0780,-13.0000,-80.0000,3.1416,0.0000,2
1060.0780,-14.0000,-80.0000,3.1416,0.0000,2
1061.0780,-15.0000,-80.0000,3.1416,0.0000,2
1062.0780,-16.0000,-80.0000,3.1416,0.0000,2
1063.0780,-17.0000,-80.0000,3.1416,0.0000,2
1064.0780,-18.0000,-80.0000,3.1416,0.0000,2
1065.0780,-19.0000,-80.0000,3.1416,0.0000,2
1066.0780,-20.0000,-80.0000,3.1416,0.0000,2
1067.0780,-21.0000,-80.0000,3.1416,0.0000,2
1068.0780,-22.0000,-80.0000,3.1416,0.0000,2
1069.0780,-23.0000,-80.0000,3.1416,0.0000,2
1070.0780,-24.0000,-80.0000,3.1416,0.0000,2
1071.0780,-25.0000,-80.0000,3.1416,0.0000,2
1072.0780,-26.0000,-80.0000,3.1416,0.0000,2
1073.0780,-27.0000,-80.0000,3.1416,0.0000,2
1074.0780,-28.0000,-80.0000,3.1416,0.0000,2
1075.0780,-29.0000,-80.0000,3.1416,0.0000,2
1076.0780,-30.0000,-80.0000,3.1416,0.0000,2
1077.0780,-31.0000,-80.0000,3.1416,0.0000,2
1078.0780,-32.0000,-80.0000,3.1416,0.0000,2
1079.0780,-33.0000,-80.0000,3.1416,0.0000,2
1080.0780,-34.0000,-80.0000,3.1416,0.0000,2
1081.0780,-35.0000,-80.0000,3.1416,0.0000,2
1082.0780,-36.0000,-80.0000,3.1416,0.0000,2
1083.0780,-37.0000,-80.0000,3.1416,0.0000,2
1084.0780,-38.0000,-80.0000,3.1416,0.0000,2
1085.0780,-39.0000,-80.0000,3.1416,0.0000,2
1086.0780,-40.0000,-80.0000,3.1416,0.0000,2
1087.0780,-41.0000,-80.0000,3.1416,0.0000,2
1088.0780,-42.0000,-80.0000,3.1416,0.0000,2
1089.0780,-43.0000,-80.0000,3.1416,0.0000,2
1090.0780,-44.0000,-80.0000,3.1416,0.0000,2
1091.0780,-45.0000,-80.0000,3.1416,0.0000,2
1092.0780,-46.0000,-80.0000,3.1416,0.0000,2
1093.0780,-47.0000,-80.0000,3.1416,0.0000,2
1094.0780,-48.0000,-80.0000,3.1416,0.0000,2
1095.0780,-49.0000,-80.0000,3.1416,0.0000,2
1096.0780,-50.0000,-80.0000,3.1416,0.0000,2
1097.0780,-51.0000,-80.0000,3.1416,0.0000,2
1098.0780,-52.0000,-80.0000,3.1416,0.0000,2
1099.0780,-53.0000,-80.0000,3.1416,0.0000,2
1100.0780,-54.0000,-80.0000,3.1416,0.0000,2
1101.0780,-55.0000,-80.0000,3.1416,0.0000,2
1102.0780,-56.0000,-80.0000,3.1416,0.0000,2
1103.0780,-57.0000,-80.0000,3.1416,0.0000,2
1104.0780,-58.0000,-80.0000,3.1416,0.0000,2
1105.0780,-59.0000,-80.0000,3.1416,0.0000,2
1106.0780,-60.0000,-80.0000,3.1416,0.0000,2
1107.0780,-61.0000,-80.0000,3.1416,0.0000,2
1108.0780,-62.0000,-80.0000,3.1416,0.0000,2
1109.0780,-63.0000,-80.0000,3.1416,0.0000,2
1110.0780,-64.0000,-80.0000,3.1416,0.0000,2
1111.0780,-65.0000,-80.0000,3.1416,0.0000,2
1112.0780,-66.0000,-80.0000,3.1416,0.0000,2
1113.0780,-67.0000,-80.0000,3.1416,0.0000,2
1114.0780,-68.0000,-80.0000,3.1416,0.0000,2
1115.0780,-69.0000,-80.0000,3.1416,0.0000,2
1116.0780,-70.0000,-80.0000,3.1416,0.0000,2
1117.0780,-71.0000,-80.0000,3.1416,0.0000,2
1118.0780,-72.0000,-80.0000,3.1416,0.0000,2
1119.0780,-73.0000,-80.0000,3.1416,0.0000,2
1120.0780,-74.0000,-80.0000,3.1416,0.0000,2
1121.0780,-75.0000,-80.0000,3.1416,0.0000,2
1122.0780,-76.0000,-80.0000,3.1416,0.0000,2
1123.0780,-77.0000,-80.0000,3.1416,0.0000,2
1124.0780,-78.0000,-80.0000,3.1416,0.0000,2
1125.0780,-79.0000,-80.0000,3.1416,0.0000,2
1126.0780,-80.0000,-80.0000,3.1416,0.0000,2
1127.0780,-81.0000,-80.0000,3.1416,0.0000,2
1128.0780,-82.0000,-80.0000,3.1416,0.0000,2
